Country,Death Ratio
Peru,26.564540107297525%
Bulgaria,25.633983119259046%
Bosnia and Herzegovina,24.355758149885336%
Hungary,24.312492417195777%
Montenegro,22.84456494290492%
North Macedonia,21.57871848306942%
Georgia,20.598524267278126%
Romania,18.675493389623707%
Croatia,17.516044929575873%
Slovakia,17.352721253164617%
