Country,Cases Ratio
Andorra,26.564540107297525%
Montenegro,25.633983119259046%
Slovakia,24.355758149885336%
Seychelles,24.312492417195777%
Georgia,22.84456494290492%
Slovenia,21.57871848306942%
San Marino,20.598524267278126%
Lithuania,18.675493389623707%
Estonia,17.516044929575873%
Netherlands,17.352721253164617%
